{
  "ahmedabad": 0.4693280768000006,
  "allahabad": 0.21665290240000007,
  "amritsar": 0.21665290240000018,
  "aurangabad": 0.2166529024000001,
  "bangalore": 0.46932807680000066,
  "bengaluru": 0.2166529024000001,
  "bhopal": 0.3382255776000002,
  "bhubaneswar": 0.21665290240000012,
  "chandigarh": 0.21665290240000018,
  "chennai": 0.46932807680000055,
  "coimbatore": 0.3382255776000002,
  "dehradun": 0.21665290240000004,
  "delhi": 0.46932807680000055,
  "delhi ncr": 0.46932807680000044,
  "dhanbad": 0.21665290240000007,
  "faridabad": 0.2166529024000002,
  "gurgaon": 0.4693280768000006,
  "guwahati": 0.21665290240000015,
  "hyderabad": 0.4693280768000006,
  "indore": 0.33822557760000027,
  "jaipur": 0.3382255776000002,
  "kanpur": 0.3382255776000002,
  "kochi": 0.2166529024000002,
  "kolkata": 0.46932807680000055,
  "lucknow": 0.33822557760000027,
  "ludhiana": 0.33822557760000027,
  "mangalore": 0.21665290240000015,
  "meerut": 0.21665290240000018,
  "mmr": 0.21665290240000018,
  "mumbai": 0.46932807680000044,
  "mysore": 0.2166529024000001,
  "nagpur": 0.33822557760000027,
  "nashik": 0.21665290240000007,
  "noida": 0.4693280768000007,
  "patna": 0.33822557760000027,
  "pune": 0.46932807680000044,
  "raipur": 0.21665290240000004,
  "rajkot": 0.21665290240000015,
  "ranchi": 0.2166529024000001,
  "srinagar": 0.2166529024000001,
  "surat": 0.21665290240000018,
  "thane": 0.33822557760000027,
  "vadodara": 0.33822557760000027,
  "varanasi": 0.21665290240000007,
  "visakhapatnam": 0.33822557760000027
}